usage_id,usage_minutes,performance_score,feedback_rating,tools_id,class_id,student_id,class_grade,class_topic,class_semester,class_section,tools_used,tools_category,student_gender,student_nationality,student_absent_days
1,117,66,3.4,1,2,1,G-04,IT,Fall,A,Google Classroom,LMS,M,KW,Above-7
2,109,61,4.0,2,3,2,G-12,English,Fall,A,Kahoot,Engagement,M,KW,Above-7
3,42,65,3.2,3,4,3,G-05,English,Fall,A,Google Classroom,LMS,F,Jordan,Above-7
4,60,61,4.6,4,5,4,G-02,IT,Fall,C,Nearpod,Assessment,M,KW,Below-7
5,30,63,3.1,5,6,5,G-07,Quran,Fall,A,Nearpod,Assessment,M,Tunis,Above-7
6,106,63,3.7,6,7,6,G-07,Science,Spring,B,Nearpod,Assessment,M,Tunis,Above-7
7,68,67,4.2,7,8,7,G-07,Science,Spring,B,Kahoot,Engagement,M,Jordan,Above-7
8,104,63,4.7,8,9,8,G-04,English,Spring,A,Kahoot,Engagement,M,Egypt,Above-7
9,102,69,4.3,9,10,9,G-02,French,Fall,A,Kahoot,Engagement,M,Lybia,Above-7
10,19,60,3.0,10,11,10,G-08,Chemistry,Spring,A,Nearpod,Assessment,M,Jordan,Above-7
11,32,68,4.2,11,12,11,G-07,IT,Fall,A,Nearpod,Assessment,M,Jordan,Above-7
12,62,61,3.1,12,13,12,G-02,IT,Fall,B,Nearpod,Assessment,M,KW,Below-7
13,54,69,3.1,13,14,13,G-02,IT,Fall,C,Nearpod,Assessment,F,KW,Above-7
14,85,69,3.7,14,15,14,G-08,Spanish,Spring,C,Google Classroom,LMS,M,KW,Above-7
15,47,69,4.7,15,16,15,G-02,French,Spring,A,Kahoot,Engagement,M,Jordan,Above-7
16,43,62,3.2,16,17,16,G-02,Arabic,Spring,B,Nearpod,Assessment,M,Jordan,Above-7
17,40,69,4.4,17,18,17,G-07,Biology,Fall,B,Kahoot,Engagement,F,Lybia,Above-7
18,78,68,4.6,18,19,18,G-08,Chemistry,Fall,A,Google Classroom,LMS,M,Jordan,Above-7
19,93,66,3.6,19,20,19,G-04,IT,Fall,A,Kahoot,Engagement,M,KW,Above-7
20,31,66,3.8,20,21,20,G-07,Math,Fall,A,Kahoot,Engagement,M,KW,Above-7
21,102,64,3.4,21,22,21,G-12,English,Fall,A,Kahoot,Engagement,M,KW,Above-7
22,62,63,4.2,22,23,22,G-07,IT,Fall,B,Google Classroom,LMS,M,KW,Below-7
23,46,61,3.4,23,24,23,G-02,IT,Fall,B,Nearpod,Assessment,F,KW,Above-7
24,26,69,3.3,24,25,24,G-02,IT,Fall,B,Kahoot,Engagement,M,KW,Above-7
25,22,63,3.3,25,26,25,G-02,IT,Fall,B,Nearpod,Assessment,M,KW,Above-7
26,51,60,4.4,26,27,26,G-02,IT,Fall,B,Kahoot,Engagement,M,KW,Above-7
27,83,69,3.0,27,28,27,G-02,IT,Fall,C,Nearpod,Assessment,M,KW,Below-7
28,104,62,3.4,28,29,28,G-07,Quran,Spring,A,Nearpod,Assessment,M,KW,Above-7
29,76,63,3.1,29,30,29,G-04,Arabic,Spring,A,Nearpod,Assessment,M,KW,Above-7
30,68,67,4.3,30,31,30,G-02,French,Fall,A,Kahoot,Engagement,M,Jordan,Above-7
31,49,65,3.9,31,32,31,G-02,French,Fall,B,Google Classroom,LMS,M,Egypt,Above-7
32,16,60,3.9,32,33,32,G-08,History,Fall,A,Nearpod,Assessment,F,Jordan,Above-7
33,107,65,4.4,33,34,33,G-06,IT,Fall,A,Nearpod,Assessment,M,KW,Above-7
34,113,67,4.7,34,35,34,G-09,IT,Fall,A,Google Classroom,LMS,M,KW,Above-7
35,58,66,3.5,35,36,35,G-07,Quran,Fall,A,Google Classroom,LMS,M,KW,Above-7
36,112,65,4.1,36,37,36,G-05,English,Fall,A,Nearpod,Assessment,M,KW,Above-7
37,41,65,3.2,37,38,37,G-07,Math,Fall,A,Google Classroom,LMS,M,KW,Above-7
38,113,69,3.1,38,39,38,G-10,IT,Fall,A,Kahoot,Engagement,M,KW,Above-7
39,19,69,3.6,39,40,39,G-02,IT,Fall,B,Kahoot,Engagement,M,KW,Below-7
40,114,63,4.2,40,41,40,G-02,IT,Fall,B,Kahoot,Engagement,F,KW,Below-7
41,27,64,4.3,41,42,41,G-02,IT,Fall,B,Nearpod,Assessment,F,KW,Above-7
42,62,64,4.8,42,43,42,G-02,IT,Fall,C,Google Classroom,LMS,M,KW,Above-7
43,71,65,4.9,43,44,43,G-02,IT,Spring,C,Nearpod,Assessment,M,KW,Above-7
44,110,60,3.2,44,45,44,G-02,French,Spring,B,Google Classroom,LMS,M,Iran,Above-7
45,37,64,3.1,45,46,45,G-08,Arabic,Spring,A,Google Classroom,LMS,M,Lebanon,Above-7
46,80,62,4.1,46,47,46,G-08,Spanish,Spring,A,Google Classroom,LMS,M,KW,Below-7
47,45,65,3.7,47,48,47,G-08,Spanish,Spring,A,Kahoot,Engagement,M,Syria,Above-7
48,46,68,4.3,48,49,48,G-07,Science,Spring,B,Kahoot,Engagement,M,KW,Above-7
49,19,65,4.6,49,50,49,G-02,French,Spring,A,Google Classroom,LMS,M,Jordan,Above-7
50,66,65,3.8,50,51,50,G-02,French,Fall,A,Nearpod,Assessment,M,Jordan,Above-7
51,109,67,4.1,51,52,51,G-08,Chemistry,Fall,A,Nearpod,Assessment,F,Jordan,Above-7
52,50,62,4.3,52,53,52,G-08,Math,Fall,A,Nearpod,Assessment,M,Lebanon,Above-7
53,12,66,4.2,53,54,53,G-07,IT,Fall,A,Nearpod,Assessment,M,KW,Above-7
54,95,62,3.6,54,55,54,G-07,IT,Fall,A,Kahoot,Engagement,M,KW,Above-7
55,53,64,4.5,55,56,55,G-08,Math,Fall,B,Nearpod,Assessment,M,USA,Above-7
56,11,60,3.6,56,57,56,G-07,Math,Fall,A,Kahoot,Engagement,M,KW,Below-7
57,25,60,3.6,57,58,57,G-02,IT,Fall,B,Kahoot,Engagement,M,KW,Above-7
58,43,60,3.2,58,59,58,G-02,IT,Fall,B,Google Classroom,LMS,F,KW,Above-7
59,109,69,3.7,59,60,59,G-02,IT,Fall,B,Google Classroom,LMS,M,KW,Above-7
60,22,60,4.0,60,61,60,G-08,Spanish,Spring,B,Nearpod,Assessment,M,KW,Below-7
61,110,61,3.1,61,62,61,G-04,Science,Spring,A,Nearpod,Assessment,M,Jordan,Above-7
62,16,69,4.0,62,63,62,G-07,Biology,Spring,A,Google Classroom,LMS,M,Jordan,Above-7
63,113,64,3.2,63,64,63,G-08,Chemistry,Fall,A,Google Classroom,LMS,F,Jordan,Above-7
64,66,65,4.5,64,65,64,G-08,Chemistry,Spring,A,Nearpod,Assessment,F,Jordan,Above-7
65,70,67,4.8,65,66,65,G-07,Math,Fall,A,Nearpod,Assessment,M,KW,Above-7
66,54,66,3.0,66,67,66,G-05,English,Fall,A,Google Classroom,LMS,M,KW,Above-7
67,46,64,4.3,67,68,67,G-12,English,Fall,A,Nearpod,Assessment,M,KW,Above-7
68,112,61,4.9,68,69,68,G-11,Quran,Fall,A,Google Classroom,LMS,M,KW,Above-7
69,114,63,3.9,69,70,69,G-02,IT,Fall,A,Kahoot,Engagement,M,KW,Above-7
70,81,61,4.4,70,71,70,G-02,IT,Fall,B,Nearpod,Assessment,M,KW,Above-7
71,86,65,4.0,71,72,71,G-02,French,Spring,B,Nearpod,Assessment,M,Jordan,Above-7
72,109,68,3.2,72,73,72,G-08,Arabic,Spring,B,Kahoot,Engagement,M,Morocco,Above-7
73,5,62,3.3,73,74,73,G-08,Spanish,Spring,C,Google Classroom,LMS,M,KW,Above-7
74,41,67,4.0,74,75,74,G-08,Spanish,Spring,A,Nearpod,Assessment,M,KW,Above-7
75,62,62,4.3,75,76,75,G-07,Science,Spring,B,Google Classroom,LMS,M,KW,Above-7
76,113,63,4.1,76,77,76,G-02,Arabic,Fall,B,Google Classroom,LMS,M,Jordan,Above-7
77,23,69,3.4,77,78,77,G-02,Arabic,Spring,B,Kahoot,Engagement,M,Jordan,Above-7
78,8,69,3.1,78,79,78,G-07,IT,Fall,B,Nearpod,Assessment,M,KW,Above-7
79,114,65,4.9,79,80,79,G-07,Science,Fall,B,Kahoot,Engagement,M,KW,Above-7
80,8,67,4.1,80,81,80,G-02,IT,Fall,B,Nearpod,Assessment,M,KW,Above-7
81,103,65,4.1,81,82,81,G-08,Arabic,Spring,A,Nearpod,Assessment,M,KW,Below-7
82,6,69,3.0,82,83,82,G-08,Arabic,Spring,A,Nearpod,Assessment,M,KW,Above-7
83,93,68,3.3,83,84,83,G-02,Arabic,Fall,A,Kahoot,Engagement,F,Jordan,Above-7
84,66,66,4.9,84,85,84,G-02,Arabic,Spring,A,Kahoot,Engagement,F,Jordan,Above-7
85,83,61,3.8,85,86,85,G-02,Arabic,Fall,B,Kahoot,Engagement,M,Jordan,Above-7
86,78,64,4.0,86,87,86,G-08,Chemistry,Spring,A,Google Classroom,LMS,F,Jordan,Above-7
87,94,67,3.6,87,88,87,G-04,IT,Fall,A,Nearpod,Assessment,M,KW,Above-7
88,71,69,3.5,88,89,88,G-07,IT,Fall,A,Kahoot,Engagement,F,KW,Above-7
89,81,62,4.5,89,90,89,G-07,English,Fall,A,Kahoot,Engagement,M,KW,Above-7
90,34,67,3.4,90,91,90,G-02,IT,Fall,B,Google Classroom,LMS,M,KW,Above-7
91,35,64,4.5,91,92,91,G-02,IT,Fall,B,Google Classroom,LMS,M,KW,Above-7
92,98,63,4.2,92,93,92,G-02,IT,Spring,A,Kahoot,Engagement,M,KW,Above-7
93,118,65,4.7,93,94,93,G-08,Arabic,Spring,B,Kahoot,Engagement,M,Jordan,Above-7
94,69,66,4.7,94,95,94,G-04,Science,Fall,A,Nearpod,Assessment,M,Jordan,Above-7
95,48,68,3.1,95,96,95,G-02,French,Spring,A,Google Classroom,LMS,M,Jordan,Above-7
96,11,60,4.3,96,97,96,G-02,French,Fall,B,Google Classroom,LMS,M,Lybia,Above-7
97,104,62,4.9,97,98,97,G-02,French,Spring,B,Google Classroom,LMS,M,Lybia,Above-7
98,106,66,3.7,98,99,98,G-02,Arabic,Fall,B,Google Classroom,LMS,M,Jordan,Above-7
99,71,69,3.9,99,100,99,G-02,Arabic,Spring,B,Nearpod,Assessment,M,Jordan,Above-7
100,73,65,4.2,100,101,100,G-07,Biology,Fall,A,Google Classroom,LMS,M,Jordan,Above-7